[
  {
    "model": "resume.resume",
    "pk": 1,
    "fields": {
      "user": ["brian"],
      "title": "Software Resume",
      "personal_info_id": 1,
      "created_at": "2024-08-13T20:37:24.759Z",
      "updated_at": "2024-08-14T18:47:41.907Z"
    }
  },
  {
    "model": "resume.resume",
    "pk": 2,
    "fields": {
      "user": ["brian"],
      "title": "Management Resume",
      "personal_info_id": 2,
      "created_at": "2024-08-13T20:37:32.852Z",
      "updated_at": "2024-08-13T21:29:12.959Z"
    }
  },
  {
    "model": "resume.resume",
    "pk": 3,
    "fields": {
      "user": ["brian"],
      "title": "Other other resume",
      "personal_info_id": 3,
      "created_at": "2024-08-14T11:34:39.671Z",
      "updated_at": "2024-08-14T13:20:51.783Z"
    }
  },
  {
    "model": "resume.resume",
    "pk": 4,
    "fields": {
      "user": ["littledog"],
      "title": "Service Industry",
      "personal_info_id": 4,
      "created_at": "2024-08-14T12:04:56.600Z",
      "updated_at": "2024-08-14T13:33:27.851Z"
    }
  },
  {
    "model": "resume.personalinfo",
    "pk": 1,
    "fields": {
      "user": ["brian"],
      "title": "Otisserie",
      "full_name": "Brian Daisey",
      "email": "bdaisey@example.com",
      "phone": "2402005567",
      "address": "1352 Otis",
      "linkedin": "http://www.linkedin.com/in/briandaisey",
      "website": "http://www.briandaisey.com"
    }
  },
  {
    "model": "resume.personalinfo",
    "pk": 2,
    "fields": {
      "user": ["brian"],
      "title": "Overton Lame",
      "full_name": "Brian Daisey",
      "email": "brianold@example.com",
      "phone": "3013842745",
      "address": "13910 Overton Lane",
      "linkedin": "http://www.linkedin.com/in/briandaisey",
      "website": "http://www.capcity.live"
    }
  },
  {
    "model": "resume.personalinfo",
    "pk": 3,
    "fields": {
      "user": ["brian"],
      "title": "Oz",
      "full_name": "Wizard of Oz",
      "email": "wiz@example.com",
      "phone": "5555555555",
      "address": "123 Yellow Brick Road",
      "linkedin": null,
      "website": null
    }
  },
  {
    "model": "resume.personalinfo",
    "pk": 4,
    "fields": {
      "user": ["littledog"],
      "title": "Pep Info",
      "full_name": "Pepper the Dog",
      "email": "peps@example.com",
      "phone": "3013013013",
      "address": "1352 Otis Pl NW, Ste. Underdesk",
      "linkedin": null,
      "website": null
    }
  },
  {
    "model": "resume.education",
    "pk": 1,
    "fields": {
      "user": ["brian"],
      "school_name": "UMD",
      "degree": "Bachelors",
      "field_of_study": "Business",
      "start_date": "2022-11-01",
      "end_date": "2023-12-01",
      "is_current": false,
      "description": ""
    }
  },
  {
    "model": "resume.education",
    "pk": 2,
    "fields": {
      "user": ["brian"],
      "school_name": "UMD",
      "degree": "BS",
      "field_of_study": "Computer Science",
      "start_date": "2024-07-09",
      "end_date": "2024-08-02",
      "is_current": false,
      "description": ""
    }
  },
  {
    "model": "resume.education",
    "pk": 3,
    "fields": {
      "user": ["brian"],
      "school_name": "Oxford",
      "degree": "Master of Master Doctors",
      "field_of_study": "Everything",
      "start_date": "2024-08-14",
      "end_date": "2024-08-14",
      "is_current": false,
      "description": ""
    }
  },
  {
    "model": "resume.education",
    "pk": 4,
    "fields": {
      "user": ["littledog"],
      "school_name": "K9 Academy",
      "degree": "Certificate of Good Girl",
      "field_of_study": "Behaving All Around",
      "start_date": "2024-08-14",
      "end_date": "2024-08-14",
      "is_current": false,
      "description": ""
    }
  },
  {
    "model": "resume.resumeeducation",
    "pk": 1,
    "fields": {
      "resume": 2,
      "education": 1,
      "order": 1,
      "is_displayed": true
    }
  },
  {
    "model": "resume.resumeeducation",
    "pk": 2,
    "fields": {
      "resume": 2,
      "education": 2,
      "order": 2,
      "is_displayed": true
    }
  },
  {
    "model": "resume.resumeeducation",
    "pk": 3,
    "fields": {
      "resume": 2,
      "education": 3,
      "order": 3,
      "is_displayed": true
    }
  },
  {
    "model": "resume.resumeeducation",
    "pk": 4,
    "fields": {
      "resume": 3,
      "education": 3,
      "order": 1,
      "is_displayed": true
    }
  },
  {
    "model": "resume.resumeeducation",
    "pk": 5,
    "fields": {
      "resume": 4,
      "education": 4,
      "order": 1,
      "is_displayed": true
    }
  },
  {
    "model": "resume.resumeeducation",
    "pk": 6,
    "fields": {
      "resume": 1,
      "education": 1,
      "order": 2,
      "is_displayed": true
    }
  },
  {
    "model": "resume.resumeeducation",
    "pk": 7,
    "fields": {
      "resume": 1,
      "education": 2,
      "order": 1,
      "is_displayed": true
    }
  },
  {
    "model": "resume.skill",
    "pk": 1,
    "fields": {
      "user": ["brian"],
      "name": "Word"
    }
  },
  {
    "model": "resume.skill",
    "pk": 2,
    "fields": {
      "user": ["brian"],
      "name": "Python"
    }
  },
  {
    "model": "resume.skill",
    "pk": 3,
    "fields": {
      "user": ["brian"],
      "name": "Ops Mgmt"
    }
  },
  {
    "model": "resume.skill",
    "pk": 4,
    "fields": {
      "user": ["brian"],
      "name": "Photography"
    }
  },
  {
    "model": "resume.skill",
    "pk": 5,
    "fields": {
      "user": ["brian"],
      "name": "Herding Cats"
    }
  },
  {
    "model": "resume.skill",
    "pk": 6,
    "fields": {
      "user": ["littledog"],
      "name": "Fetch"
    }
  },
  {
    "model": "resume.skill",
    "pk": 7,
    "fields": {
      "user": ["littledog"],
      "name": "Nap"
    }
  },
  {
    "model": "resume.skill",
    "pk": 8,
    "fields": {
      "user": ["littledog"],
      "name": "Swim"
    }
  },
  {
    "model": "resume.resumeskill",
    "pk": 1,
    "fields": {
      "resume": 2,
      "skill": 3,
      "order": 1,
      "is_displayed": true
    }
  },
  {
    "model": "resume.resumeskill",
    "pk": 2,
    "fields": {
      "resume": 2,
      "skill": 4,
      "order": 2,
      "is_displayed": true
    }
  },
  {
    "model": "resume.resumeskill",
    "pk": 3,
    "fields": {
      "resume": 1,
      "skill": 2,
      "order": 1,
      "is_displayed": true
    }
  },
  {
    "model": "resume.resumeskill",
    "pk": 4,
    "fields": {
      "resume": 1,
      "skill": 1,
      "order": 2,
      "is_displayed": true
    }
  },
  {
    "model": "resume.resumeskill",
    "pk": 5,
    "fields": {
      "resume": 1,
      "skill": 5,
      "order": 4,
      "is_displayed": true
    }
  },
  {
    "model": "resume.resumeskill",
    "pk": 6,
    "fields": {
      "resume": 3,
      "skill": 5,
      "order": 1,
      "is_displayed": true
    }
  },
  {
    "model": "resume.resumeskill",
    "pk": 7,
    "fields": {
      "resume": 3,
      "skill": 4,
      "order": 3,
      "is_displayed": true
    }
  },
  {
    "model": "resume.resumeskill",
    "pk": 8,
    "fields": {
      "resume": 4,
      "skill": 6,
      "order": 1,
      "is_displayed": true
    }
  },
  {
    "model": "resume.resumeskill",
    "pk": 9,
    "fields": {
      "resume": 4,
      "skill": 7,
      "order": 2,
      "is_displayed": true
    }
  },
  {
    "model": "resume.job",
    "pk": 1,
    "fields": {
      "user": ["brian"],
      "job_title": "Software Dev",
      "company_name": "IMS",
      "start_date": "2024-08-13",
      "end_date": "2024-08-13",
      "is_current": false,
      "description": ""
    }
  },
  {
    "model": "resume.job",
    "pk": 2,
    "fields": {
      "user": ["brian"],
      "job_title": "Cofounder",
      "company_name": "Capital Threads",
      "start_date": "2024-08-13",
      "end_date": "2024-08-13",
      "is_current": false,
      "description": ""
    }
  },
  {
    "model": "resume.job",
    "pk": 3,
    "fields": {
      "user": ["brian"],
      "job_title": "Owner",
      "company_name": "LLG",
      "start_date": "2024-08-14",
      "end_date": "2024-08-14",
      "is_current": false,
      "description": ""
    }
  },
  {
    "model": "resume.job",
    "pk": 4,
    "fields": {
      "user": ["littledog"],
      "job_title": "Bothering all the other Dogs",
      "company_name": "Self-employed",
      "start_date": "2024-08-14",
      "end_date": "2024-08-14",
      "is_current": false,
      "description": ""
    }
  },
  {
    "model": "resume.job",
    "pk": 5,
    "fields": {
      "user": ["littledog"],
      "job_title": "Chief Scrap Finder",
      "company_name": "Kitchen Patrol",
      "start_date": "2024-08-14",
      "end_date": "2024-08-14",
      "is_current": false,
      "description": ""
    }
  },
  {
    "model": "resume.bullet",
    "pk": 1,
    "fields": {
      "job": 1,
      "content": "Did code"
    }
  },
  {
    "model": "resume.bullet",
    "pk": 2,
    "fields": {
      "job": 1,
      "content": "Fixed bugs"
    }
  },
  {
    "model": "resume.bullet",
    "pk": 3,
    "fields": {
      "job": 2,
      "content": "Printed shirts"
    }
  },
  {
    "model": "resume.bullet",
    "pk": 4,
    "fields": {
      "job": 2,
      "content": "Got customers"
    }
  },
  {
    "model": "resume.bullet",
    "pk": 5,
    "fields": {
      "job": 2,
      "content": "Created Invoices"
    }
  },
  {
    "model": "resume.bullet",
    "pk": 6,
    "fields": {
      "job": 1,
      "content": "Wrote unit tests"
    }
  },
  {
    "model": "resume.bullet",
    "pk": 7,
    "fields": {
      "job": 3,
      "content": "Cut Grass"
    }
  },
  {
    "model": "resume.bullet",
    "pk": 8,
    "fields": {
      "job": 3,
      "content": "Found customers"
    }
  },
  {
    "model": "resume.bullet",
    "pk": 9,
    "fields": {
      "job": 4,
      "content": "Nipping at heels"
    }
  },
  {
    "model": "resume.bullet",
    "pk": 10,
    "fields": {
      "job": 4,
      "content": "Wrestling whether they like it or not"
    }
  },
  {
    "model": "resume.bullet",
    "pk": 11,
    "fields": {
      "job": 5,
      "content": "Eat the chicken that falls down"
    }
  },
  {
    "model": "resume.bullet",
    "pk": 12,
    "fields": {
      "job": 5,
      "content": "Chew on onion skin, spit it out"
    }
  },
  {
    "model": "resume.bullet",
    "pk": 13,
    "fields": {
      "job": 1,
      "content": "Handle client calls"
    }
  },
  {
    "model": "resume.bullet",
    "pk": 14,
    "fields": {
      "job": 5,
      "content": "Looking in the trash"
    }
  },
  {
    "model": "resume.bullet",
    "pk": 15,
    "fields": {
      "job": 1,
      "content": "Handling client calls"
    }
  },
  {
    "model": "resume.resumejob",
    "pk": 1,
    "fields": {
      "resume": 2,
      "job": 1,
      "order": 2
    }
  },
  {
    "model": "resume.resumejob",
    "pk": 2,
    "fields": {
      "resume": 2,
      "job": 2,
      "order": 1
    }
  },
  {
    "model": "resume.resumejob",
    "pk": 3,
    "fields": {
      "resume": 1,
      "job": 3,
      "order": 3
    }
  },
  {
    "model": "resume.resumejob",
    "pk": 4,
    "fields": {
      "resume": 3,
      "job": 3,
      "order": 1
    }
  },
  {
    "model": "resume.resumejob",
    "pk": 5,
    "fields": {
      "resume": 4,
      "job": 4,
      "order": 1
    }
  },
  {
    "model": "resume.resumejob",
    "pk": 6,
    "fields": {
      "resume": 4,
      "job": 5,
      "order": 2
    }
  },
  {
    "model": "resume.resumejob",
    "pk": 7,
    "fields": {
      "resume": 3,
      "job": 1,
      "order": 2
    }
  },
  {
    "model": "resume.resumejob",
    "pk": 9,
    "fields": {
      "resume": 1,
      "job": 1,
      "order": 1
    }
  },
  {
    "model": "resume.resumejob",
    "pk": 10,
    "fields": {
      "resume": 1,
      "job": 2,
      "order": 2
    }
  },
  {
    "model": "resume.resumejobbullet",
    "pk": 1,
    "fields": {
      "resume_job": 2,
      "bullet": 3,
      "order": 1,
      "is_displayed": true
    }
  },
  {
    "model": "resume.resumejobbullet",
    "pk": 2,
    "fields": {
      "resume_job": 2,
      "bullet": 4,
      "order": 2,
      "is_displayed": true
    }
  },
  {
    "model": "resume.resumejobbullet",
    "pk": 3,
    "fields": {
      "resume_job": 1,
      "bullet": 1,
      "order": 1,
      "is_displayed": true
    }
  },
  {
    "model": "resume.resumejobbullet",
    "pk": 4,
    "fields": {
      "resume_job": 1,
      "bullet": 2,
      "order": 2,
      "is_displayed": true
    }
  },
  {
    "model": "resume.resumejobbullet",
    "pk": 5,
    "fields": {
      "resume_job": 2,
      "bullet": 5,
      "order": 4,
      "is_displayed": true
    }
  },
  {
    "model": "resume.resumejobbullet",
    "pk": 7,
    "fields": {
      "resume_job": 4,
      "bullet": 7,
      "order": 1,
      "is_displayed": true
    }
  },
  {
    "model": "resume.resumejobbullet",
    "pk": 8,
    "fields": {
      "resume_job": 4,
      "bullet": 8,
      "order": 2,
      "is_displayed": true
    }
  },
  {
    "model": "resume.resumejobbullet",
    "pk": 9,
    "fields": {
      "resume_job": 5,
      "bullet": 10,
      "order": 1,
      "is_displayed": true
    }
  },
  {
    "model": "resume.resumejobbullet",
    "pk": 10,
    "fields": {
      "resume_job": 5,
      "bullet": 9,
      "order": 2,
      "is_displayed": true
    }
  },
  {
    "model": "resume.resumejobbullet",
    "pk": 11,
    "fields": {
      "resume_job": 6,
      "bullet": 11,
      "order": 2,
      "is_displayed": true
    }
  },
  {
    "model": "resume.resumejobbullet",
    "pk": 12,
    "fields": {
      "resume_job": 6,
      "bullet": 12,
      "order": 1,
      "is_displayed": true
    }
  },
  {
    "model": "resume.resumejobbullet",
    "pk": 13,
    "fields": {
      "resume_job": 1,
      "bullet": 15,
      "order": 3,
      "is_displayed": true
    }
  },
  {
    "model": "resume.resumejobbullet",
    "pk": 14,
    "fields": {
      "resume_job": 1,
      "bullet": 13,
      "order": 5,
      "is_displayed": false
    }
  },
  {
    "model": "resume.resumejobbullet",
    "pk": 16,
    "fields": {
      "resume_job": 9,
      "bullet": 1,
      "order": 1,
      "is_displayed": true
    }
  },
  {
    "model": "resume.resumejobbullet",
    "pk": 17,
    "fields": {
      "resume_job": 9,
      "bullet": 2,
      "order": 2,
      "is_displayed": true
    }
  },
  {
    "model": "resume.resumejobbullet",
    "pk": 18,
    "fields": {
      "resume_job": 9,
      "bullet": 6,
      "order": 3,
      "is_displayed": true
    }
  },
  {
    "model": "resume.resumejobbullet",
    "pk": 19,
    "fields": {
      "resume_job": 9,
      "bullet": 13,
      "order": 4,
      "is_displayed": true
    }
  },
  {
    "model": "resume.resumejobbullet",
    "pk": 20,
    "fields": {
      "resume_job": 10,
      "bullet": 3,
      "order": 1,
      "is_displayed": true
    }
  },
  {
    "model": "resume.resumejobbullet",
    "pk": 21,
    "fields": {
      "resume_job": 10,
      "bullet": 4,
      "order": 2,
      "is_displayed": true
    }
  },
  {
    "model": "resume.resumejobbullet",
    "pk": 22,
    "fields": {
      "resume_job": 10,
      "bullet": 5,
      "order": 3,
      "is_displayed": true
    }
  },
  {
    "model": "resume.resumejobbullet",
    "pk": 23,
    "fields": {
      "resume_job": 3,
      "bullet": 7,
      "order": 1,
      "is_displayed": true
    }
  },
  {
    "model": "resume.resumejobbullet",
    "pk": 24,
    "fields": {
      "resume_job": 3,
      "bullet": 8,
      "order": 2,
      "is_displayed": true
    }
  }
]
